student_id,name,department,semester
72,Lisa Singh,Computer Science,4
41,Emily Burton,Computer Science,8
57,Cassandra Patterson,Electrical Engineering,6
75,Ashley Thomas,Software Engineering,8
18,Joseph Sawyer,Mechanical Engineering,1
97,Brandon Simmons,Software Engineering,7
16,Becky Acosta,Software Engineering,5
59,Sean Lopez,Biomedical Engineering,1
77,Karen Simpson,Software Engineering,3
67,Dr. Jennifer Larson,Mechanical Engineering,4
98,Kyle Henson,Biomedical Engineering,3
94,Michelle Martinez,Electrical Engineering,7
52,Nicholas Moore,Software Engineering,5
25,Jason Wheeler,Electrical Engineering,7
10,Robert Ford,Civil Engineering,2
78,Dustin Gonzales,Computer Science,5
60,Angela Greene,Software Engineering,6
70,Ryan Martin,Computer Science,5
12,Richard King,Electrical Engineering,4
84,Matthew Noble,Civil Engineering,4
85,Joseph Jenkins,Biomedical Engineering,7
57,Laura Lopez,Computer Science,8
5,April Hernandez DDS,Software Engineering,6
64,Jeffrey Garza,Civil Engineering,2
76,Kyle Henson,Software Engineering,6
66,Richard King,Software Engineering,1
63,Christopher Evans,Biomedical Engineering,7
6,Ashley Tanner,Biomedical Engineering,7
60,Karen Schultz,Software Engineering,4
4,Michael Farley,Biomedical Engineering,8
8,Aaron Johnson,Mechanical Engineering,8
58,Francis Kim,Software Engineering,7
9,Todd Beltran,Mechanical Engineering,3
20,Emily Burton,Civil Engineering,2
86,Kristie Blankenship,Software Engineering,2
22,Becky Acosta,Software Engineering,7
93,Benjamin Austin,Electrical Engineering,3
55,Pamela Rodriguez,Software Engineering,3
95,Francis Kim,Civil Engineering,2
27,Regina Medina,Mechanical Engineering,2
45,Briana Nunez,Software Engineering,5
66,Michelle Martinez,Software Engineering,4
55,Christy Crane,Electrical Engineering,2
72,Jeffrey Garza,Mechanical Engineering,7
56,Tristan Baxter,Computer Science,7
46,Jason Wheeler,Mechanical Engineering,4
66,Michael Farley,Biomedical Engineering,7
81,Aaron Johnson,Software Engineering,8
88,Matthew Johnson,Civil Engineering,5
66,Karen Schultz,Software Engineering,6
47,Pamela Rodriguez,Electrical Engineering,1
99,Sabrina Johnson,Biomedical Engineering,8
7,Tracie Martinez,Software Engineering,1
13,Elizabeth Thomas,Software Engineering,1
4,Todd Beltran,Computer Science,3
62,Joseph Sawyer,Electrical Engineering,5
70,Suzanne Perry,Software Engineering,5
96,Marie Daniels,Software Engineering,1
10,Laura Wilson,Software Engineering,1
18,Cassandra Patterson,Electrical Engineering,5
58,Christine Ayala,Software Engineering,5
40,Tristan Baxter,Biomedical Engineering,6
31,Emily Burton,Software Engineering,1
32,Karen Simpson,Software Engineering,3
4,Kelly Bernard,Computer Science,3
87,Karen Simpson,Biomedical Engineering,7
52,Kelly Bernard,Software Engineering,7
4,James Davis,Mechanical Engineering,2
14,Samantha Johnson,Mechanical Engineering,6
34,Daniel Carter,Computer Science,6
56,Leroy Kent,Software Engineering,4
39,Laura Lopez,Mechanical Engineering,6
18,Pamela Rodriguez,Computer Science,7
3,Cassandra Patterson,Electrical Engineering,5
39,Emily Stokes,Civil Engineering,8
43,Deborah Cole,Software Engineering,4
42,Randy Johnston,Electrical Engineering,5
96,Ashley Tanner,Biomedical Engineering,5
13,Sabrina Johnson,Electrical Engineering,6
34,Sharon Andrews,Electrical Engineering,5
15,James Davis,Computer Science,6
45,James Davis,Mechanical Engineering,5
95,Deborah Cole,Software Engineering,4
69,Emily Stokes,Mechanical Engineering,4
49,Lisa Singh,Electrical Engineering,5
60,Todd Beltran,Computer Science,5
11,Kristina Butler,Software Engineering,2
92,Francis Kim,Mechanical Engineering,5
87,Kevin Sims,Computer Science,8
65,Jeffrey Garza,Computer Science,5
85,Michelle Martinez,Computer Science,4
7,Jason Wheeler,Computer Science,4
39,Cassandra Patterson,Biomedical Engineering,5
42,Tracie Martinez,Biomedical Engineering,1
17,Joseph Sawyer,Software Engineering,8
71,Emily Burton,Software Engineering,6
3,Kevin Sims,Civil Engineering,4
29,Karl Hubbard,Computer Science,2
6,Jimmy Hernandez,Electrical Engineering,4
93,Samantha Johnson,Mechanical Engineering,5
33,Brenda Burke,Software Engineering,3
72,Laura Lopez,Electrical Engineering,5
56,Matthew Johnson,Electrical Engineering,5
72,Jason Andersen,Mechanical Engineering,7
47,Adam Phillips,Electrical Engineering,4
21,James Andrews,Computer Science,4
47,Courtney Warren,Biomedical Engineering,6
37,Elizabeth Thomas,Software Engineering,5
82,Lisa Ward,Software Engineering,4
83,Daniel Carter,Civil Engineering,3
71,Timothy Moore,Mechanical Engineering,6
84,Emily Manning,Software Engineering,8
100,Pamela Rodriguez,Software Engineering,7
54,Regina Medina,Software Engineering,3
86,Samantha Johnson,Biomedical Engineering,6
85,Steven Boyle,Software Engineering,8
10,Bruce Cisneros,Computer Science,1
2,Michelle Martinez,Computer Science,8
72,Crystal Gonzalez,Civil Engineering,2
95,Timothy Moore,Electrical Engineering,6
24,Victoria Salas,Software Engineering,3
30,Karl Hubbard,Civil Engineering,3
85,Becky Acosta,Biomedical Engineering,4
9,Richard King,Software Engineering,3
27,Tracie Martinez,Computer Science,4
1,Steven Boyle,Electrical Engineering,7
55,Leroy Kent,Biomedical Engineering,6
61,Victoria Salas,Software Engineering,4
94,Sean Lopez,Civil Engineering,7
57,Eric Bean,Mechanical Engineering,4
45,Frank Munoz,Civil Engineering,6
82,Eric Bean,Biomedical Engineering,4
95,Charles Gates,Software Engineering,4
19,Erin Hernandez,Software Engineering,5
96,Laura Lopez,Software Engineering,7
97,Daniel Evans,Software Engineering,6
55,Pamela Rodriguez,Computer Science,4
15,Frank Munoz,Mechanical Engineering,1
78,Erin Hernandez,Civil Engineering,5
12,Randy Johnston,Civil Engineering,5
58,Lisa Warner,Software Engineering,2
77,James Davis,Biomedical Engineering,5
97,Lisa Singh,Electrical Engineering,7
20,Lisa Singh,Mechanical Engineering,2
66,Ashley Thomas,Software Engineering,7
96,Rose Pierce,Biomedical Engineering,5
86,Michael Farley,Civil Engineering,1
99,Laura Lopez,Biomedical Engineering,8
85,Kara Bradford,Electrical Engineering,1
14,Ashley Tanner,Software Engineering,3
36,Paul Hays,Mechanical Engineering,6
10,Kristen Perkins,Software Engineering,4
57,Matthew Noble,Software Engineering,5
5,Laura Wilson,Mechanical Engineering,2
71,Becky Acosta,Software Engineering,3
78,Steven Boyle,Electrical Engineering,8
39,Matthew Noble,Computer Science,5
33,Tristan Baxter,Computer Science,6
97,Adam Phillips,Software Engineering,4
6,Sean Lopez,Computer Science,7
73,Eric Bean,Biomedical Engineering,4
51,Todd Beltran,Electrical Engineering,4
28,Kyle Henson,Software Engineering,5
62,Rose Pierce,Civil Engineering,3
56,James Davis,Computer Science,4
21,Kelly Fowler,Mechanical Engineering,8
34,Emily Manning,Software Engineering,6
96,Christopher Evans,Biomedical Engineering,4
16,Angela Greene,Computer Science,6
97,Regina Medina,Software Engineering,3
27,Christine Ayala,Civil Engineering,5
50,Cassidy Harper,Software Engineering,1
51,Tracie Martinez,Software Engineering,7
17,Stacy Becker,Software Engineering,4
42,Emily Stokes,Computer Science,3
25,John Jackson,Software Engineering,5
26,Jimmy Hernandez,Electrical Engineering,3
32,Wendy Pacheco,Civil Engineering,7
71,Francis Kim,Software Engineering,6
97,April Hernandez DDS,Computer Science,4
80,Adam Phillips,Software Engineering,3
4,Victoria Salas,Computer Science,4
21,Briana Nunez,Electrical Engineering,3
86,Emily Burton,Biomedical Engineering,5
49,Matthew Johnson,Software Engineering,5
25,Eric Bean,Software Engineering,7
100,April Hernandez DDS,Civil Engineering,6
41,Betty Moore,Civil Engineering,6
29,Michael Mitchell,Mechanical Engineering,4
67,Charles Gates,Biomedical Engineering,8
97,Raymond Ochoa,Electrical Engineering,7
13,Daniel Evans,Biomedical Engineering,6
16,Ashley Thomas,Computer Science,7
10,Eric Bean,Software Engineering,4
12,Alejandro Parker,Civil Engineering,5
89,Daniel Evans,Civil Engineering,6
6,Brenda Burke,Computer Science,7
18,Laura Lopez,Biomedical Engineering,4
59,Cassandra Patterson,Computer Science,6
10,Daniel Evans,Electrical Engineering,3
80,Randy Johnston,Biomedical Engineering,5
35,Jimmy Hernandez,Biomedical Engineering,5
47,Benjamin Austin,Electrical Engineering,2
29,Cassandra Patterson,Electrical Engineering,4
77,Christopher Evans,Electrical Engineering,5
93,Emily Stokes,Biomedical Engineering,5
53,Kyle Henson,Civil Engineering,6
42,Ashley Tanner,Electrical Engineering,5
19,Leroy Kent,Software Engineering,1
60,Kara Bradford,Computer Science,4
35,Steven Johnson,Civil Engineering,4
44,Erin Hernandez,Electrical Engineering,1
86,Tristan Baxter,Electrical Engineering,3
17,Michael Farley,Electrical Engineering,2
94,Timothy King,Biomedical Engineering,5
84,James Andrews,Electrical Engineering,5
78,Tristan Baxter,Civil Engineering,6
27,Michael Mitchell,Computer Science,2
65,Briana Nunez,Software Engineering,1
52,Christy Crane,Mechanical Engineering,7
91,Sharon Andrews,Computer Science,5
59,Jason Andersen,Biomedical Engineering,5
34,Jeffrey Garza,Computer Science,6
34,Regina Medina,Software Engineering,5
96,Christine Ayala,Civil Engineering,8
53,Daniel Carter,Software Engineering,2
87,Jimmy Hernandez,Software Engineering,2
54,Michael Farley,Software Engineering,8
61,Brenda Burke,Biomedical Engineering,1
56,Dustin Gonzales,Civil Engineering,8
63,Kara Bradford,Computer Science,6
13,Alejandro Parker,Computer Science,5
66,Samantha Johnson,Civil Engineering,8
6,Kelly Fowler,Mechanical Engineering,1
78,Sean Lopez,Software Engineering,6
81,April Hernandez DDS,Biomedical Engineering,6
87,Daniel Carter,Software Engineering,3
21,Kristie Blankenship,Civil Engineering,2
2,Karen Simpson,Software Engineering,1
39,Rose Pierce,Software Engineering,7
3,Jimmy Hernandez,Electrical Engineering,6
56,Joseph Sawyer,Computer Science,3
81,Michelle Martinez,Mechanical Engineering,8
63,Jeffrey Garza,Biomedical Engineering,5
54,Leroy Kent,Computer Science,8
26,Katie Chandler,Mechanical Engineering,7
60,Emily Burton,Biomedical Engineering,7
6,Christy Crane,Civil Engineering,1
78,James Andrews,Civil Engineering,1
60,Dr. Jennifer Larson,Civil Engineering,1
82,Ryan Martin,Civil Engineering,5
95,Daniel Carter,Biomedical Engineering,7
25,Laura Lopez,Biomedical Engineering,5
86,Michael Mitchell,Computer Science,8
23,Eric Bean,Software Engineering,5
69,Cassidy Harper,Civil Engineering,3
3,Steven Johnson,Electrical Engineering,3
78,Jason Andersen,Electrical Engineering,7
23,Becky Acosta,Mechanical Engineering,8
21,Charles Gates,Biomedical Engineering,8
73,Briana Nunez,Software Engineering,6
23,Wendy Pacheco,Civil Engineering,4
17,Joseph Jenkins,Biomedical Engineering,3
18,Karen Schultz,Computer Science,7
81,Kevin Sims,Electrical Engineering,6
57,Ashley Tanner,Software Engineering,5
47,Todd Beltran,Civil Engineering,3
12,Jimmy Hernandez,Software Engineering,7
90,Marie Daniels,Mechanical Engineering,7
100,Frank Munoz,Civil Engineering,6
45,Kara Bradford,Computer Science,5
80,Sabrina Johnson,Civil Engineering,1
68,Elizabeth Thomas,Electrical Engineering,3
23,Robert Ford,Software Engineering,2
71,Wendy Pacheco,Software Engineering,4
11,Timothy King,Software Engineering,7
23,Brandon Simmons,Civil Engineering,8
47,Raymond Ochoa,Software Engineering,7
90,Lisa Warner,Electrical Engineering,6
92,Laura Lopez,Biomedical Engineering,3
18,Jeffrey Garza,Software Engineering,6
46,Betty Moore,Software Engineering,6
12,Stacy Becker,Civil Engineering,7
45,Cassandra Patterson,Electrical Engineering,5
48,Lisa Warner,Software Engineering,5
26,Cassandra Patterson,Mechanical Engineering,7
35,Pamela Rodriguez,Civil Engineering,5
99,Christopher Roy,Mechanical Engineering,4
57,Kelly Bernard,Software Engineering,2
37,Alejandro Parker,Software Engineering,1
72,Laura Wilson,Biomedical Engineering,7
86,Steven Boyle,Software Engineering,6
80,Dustin Gonzales,Civil Engineering,4
83,Emily Stokes,Mechanical Engineering,8
17,Cassidy Harper,Computer Science,1
70,Robert Ford,Computer Science,7
74,Betty Moore,Computer Science,8
36,Victoria Salas,Civil Engineering,7
34,Robert Ford,Mechanical Engineering,2
63,Cassandra Patterson,Software Engineering,1
26,Erin Hernandez,Computer Science,5
10,Austin Phillips,Biomedical Engineering,5
34,Emily Manning,Civil Engineering,7
43,Becky Acosta,Software Engineering,1
16,Alexis Smith,Computer Science,8
60,Regina Medina,Computer Science,2
63,Lisa Ward,Mechanical Engineering,4
39,Katie Chandler,Software Engineering,4
84,Cassidy Harper,Mechanical Engineering,8
7,Randy Johnston,Software Engineering,3
80,Emily Manning,Biomedical Engineering,2
64,Lisa Singh,Civil Engineering,5
99,Kristie Blankenship,Electrical Engineering,4
8,Ashley Tanner,Software Engineering,4
35,Richard King,Computer Science,4
93,Laura Wilson,Computer Science,4
20,Randy Johnston,Civil Engineering,1
3,Kyle Henson,Computer Science,7
28,Karl Hubbard,Software Engineering,4
86,Karen Simpson,Electrical Engineering,5
3,Christine Ayala,Computer Science,4
41,Alexis Smith,Civil Engineering,4
17,Matthew Noble,Civil Engineering,5
73,Alexis Smith,Mechanical Engineering,8
33,Lisa Ward,Electrical Engineering,5
60,Bruce Cisneros,Computer Science,1
45,Tristan Baxter,Biomedical Engineering,3
68,Laura Wilson,Mechanical Engineering,1
4,Lisa Warner,Mechanical Engineering,1
28,Briana Nunez,Software Engineering,5
65,Christine Ayala,Mechanical Engineering,6
35,Suzanne Perry,Computer Science,1
67,Sean Lopez,Computer Science,6
8,Steven Boyle,Computer Science,1
39,Adam Phillips,Software Engineering,2
11,Ashley Tanner,Computer Science,6
12,Crystal Gonzalez,Civil Engineering,2
66,Cindy Sullivan,Civil Engineering,5
9,Wendy Pacheco,Computer Science,1
26,Laura Wilson,Software Engineering,3
16,Kara Bradford,Computer Science,4
46,Karen Schultz,Software Engineering,7
76,Victoria Salas,Software Engineering,3
56,Cassidy Harper,Software Engineering,8
18,April Hernandez DDS,Civil Engineering,3
48,Austin Phillips,Computer Science,8
57,Brandon Simmons,Software Engineering,7
53,Bruce Cisneros,Biomedical Engineering,5
64,Benjamin Austin,Software Engineering,5
85,Alejandro Parker,Software Engineering,3
55,Sharon Andrews,Software Engineering,7
94,Jennifer Krueger,Biomedical Engineering,4
17,Karen Simpson,Computer Science,5
54,Katie Chandler,Computer Science,5
15,Frank Munoz,Electrical Engineering,3
31,Emily Burton,Software Engineering,6
49,Jennifer Krueger,Software Engineering,7
100,Katie Chandler,Computer Science,4
90,Adam Phillips,Software Engineering,3
6,Jennifer Krueger,Civil Engineering,1
90,Christy Crane,Software Engineering,3
66,Kyle Henson,Software Engineering,7
53,Katie Chandler,Software Engineering,4
33,Paul Hays,Mechanical Engineering,2
19,Rose Pierce,Electrical Engineering,6
65,Cassidy Harper,Mechanical Engineering,3
48,Elizabeth Thomas,Biomedical Engineering,5
74,James Andrews,Mechanical Engineering,5
49,Kelly Bernard,Software Engineering,1
79,Wendy Pacheco,Software Engineering,3
67,Rose Pierce,Electrical Engineering,5
79,Sharon Andrews,Civil Engineering,5
1,Raymond Ochoa,Software Engineering,2
50,Matthew Noble,Computer Science,4
23,Christine Ayala,Biomedical Engineering,3
83,Leroy Kent,Electrical Engineering,5
1,Karl Hubbard,Computer Science,6
8,Nicholas Moore,Software Engineering,6
46,Cindy Sullivan,Software Engineering,8
23,Raymond Ochoa,Software Engineering,3
76,Daniel Evans,Mechanical Engineering,3
8,Tracie Martinez,Electrical Engineering,8
34,John Jackson,Software Engineering,3
12,Matthew Noble,Civil Engineering,6
26,Lisa Singh,Computer Science,2
31,Dustin Gonzales,Mechanical Engineering,4
82,Timothy King,Computer Science,7
58,Jeffrey Garza,Biomedical Engineering,7
3,John Jackson,Biomedical Engineering,2
7,Marie Daniels,Electrical Engineering,7
25,Ashley Thomas,Software Engineering,5
51,Michael Farley,Mechanical Engineering,5
26,Samantha Johnson,Computer Science,1
65,Cindy Sullivan,Software Engineering,6
79,Emily Stokes,Electrical Engineering,1
67,Rose Pierce,Computer Science,7
77,Stacy Becker,Civil Engineering,3
63,Raymond Ochoa,Computer Science,7
68,Tracie Martinez,Electrical Engineering,1
28,Kristen Perkins,Software Engineering,7
7,Stacy Becker,Mechanical Engineering,2
62,Todd Beltran,Mechanical Engineering,3
21,Cassandra Patterson,Civil Engineering,2
26,Emily Stokes,Computer Science,4
92,Jason Andersen,Mechanical Engineering,4
44,Robert Ford,Biomedical Engineering,7
31,Joseph Jenkins,Software Engineering,4
35,Steven Johnson,Software Engineering,4
36,Kevin Sims,Civil Engineering,2
67,Becky Acosta,Mechanical Engineering,6
26,Frank Munoz,Software Engineering,8
34,Sean Lopez,Computer Science,3
68,Suzanne Perry,Civil Engineering,3
58,Jennifer Krueger,Software Engineering,7
42,Alejandro Parker,Biomedical Engineering,8
70,Christy Crane,Software Engineering,3
94,Christopher Evans,Mechanical Engineering,6
48,Karen Schultz,Computer Science,2
20,Emily Manning,Software Engineering,2
11,Christy Crane,Computer Science,8
48,Frank Munoz,Electrical Engineering,7
70,Eric Bean,Mechanical Engineering,7
45,Daniel Carter,Software Engineering,8
69,Steven Johnson,Civil Engineering,4
65,Aaron Johnson,Civil Engineering,6
95,James Davis,Computer Science,3
12,Karl Hubbard,Electrical Engineering,3
13,Joseph Sawyer,Software Engineering,4
48,Austin Phillips,Computer Science,3
47,Richard King,Civil Engineering,7
75,Wendy Pacheco,Biomedical Engineering,4
35,Wendy Pacheco,Software Engineering,3
67,Kara Bradford,Software Engineering,7
62,Wendy Pacheco,Software Engineering,4
3,Deborah Cole,Mechanical Engineering,3
37,Kristina Butler,Electrical Engineering,5
90,Elizabeth Thomas,Electrical Engineering,7
91,Marie Daniels,Computer Science,7
49,Joseph Jenkins,Computer Science,5
100,Adam Phillips,Civil Engineering,4
16,John Jackson,Electrical Engineering,7
28,Todd Beltran,Biomedical Engineering,5
62,Katie Chandler,Biomedical Engineering,4
48,Christopher Roy,Mechanical Engineering,1
91,Lisa Ward,Computer Science,4
36,Joseph Sawyer,Civil Engineering,1
25,Cassandra Patterson,Mechanical Engineering,7
50,Tracie Martinez,Mechanical Engineering,6
81,Emily Burton,Computer Science,3
30,Karen Simpson,Civil Engineering,3
19,Lisa Ward,Computer Science,2
8,Leroy Kent,Civil Engineering,3
62,Angela Greene,Electrical Engineering,7
6,Michelle Martinez,Electrical Engineering,5
38,Kelly Fowler,Civil Engineering,1
54,Sharon Andrews,Electrical Engineering,1
67,Benjamin Austin,Civil Engineering,5
50,Steven Boyle,Computer Science,6
6,Wendy Pacheco,Civil Engineering,3
5,Katie Chandler,Civil Engineering,7
94,Briana Nunez,Electrical Engineering,1
92,James Davis,Mechanical Engineering,2
55,Victoria Salas,Electrical Engineering,5
17,Todd Beltran,Mechanical Engineering,5
5,Samantha Johnson,Software Engineering,4
61,Paul Hays,Computer Science,3
90,Regina Medina,Computer Science,6
33,Michael Mitchell,Electrical Engineering,2
13,Cindy Sullivan,Computer Science,5
54,Kelly Bernard,Software Engineering,4
31,Victoria Salas,Civil Engineering,6
23,Raymond Ochoa,Computer Science,5
42,Joseph Sawyer,Biomedical Engineering,5
47,Karen Simpson,Computer Science,5
59,Karen Schultz,Mechanical Engineering,5
50,Katie Chandler,Computer Science,8
55,Cassidy Harper,Mechanical Engineering,3
92,Emily Burton,Computer Science,5
93,Paul Hays,Electrical Engineering,3
38,Christopher Valdez,Computer Science,3
99,Eric Bean,Software Engineering,2
88,Briana Nunez,Mechanical Engineering,5
75,Jimmy Hernandez,Mechanical Engineering,5
38,Kelly Fowler,Software Engineering,1
55,Joseph Sawyer,Computer Science,7
10,Tracie Martinez,Biomedical Engineering,7
54,Francis Kim,Civil Engineering,8
16,Victoria Salas,Biomedical Engineering,4
75,Sabrina Johnson,Civil Engineering,5
34,Becky Acosta,Electrical Engineering,1
100,Alejandro Parker,Software Engineering,6
74,Lisa Ward,Civil Engineering,7
3,Francis Kim,Software Engineering,5
3,Cindy Sullivan,Civil Engineering,6
21,April Hernandez DDS,Mechanical Engineering,5
75,Becky Acosta,Biomedical Engineering,5
39,Dr. Jennifer Larson,Mechanical Engineering,5
87,Karen Simpson,Civil Engineering,4
13,Aaron Johnson,Civil Engineering,5
52,Ryan Martin,Mechanical Engineering,5
17,Sabrina Johnson,Computer Science,7
23,Daniel Carter,Software Engineering,3
41,Kevin Sims,Software Engineering,3
1,Briana Nunez,Civil Engineering,5
36,Sharon Andrews,Software Engineering,4
94,Cindy Sullivan,Biomedical Engineering,1
2,Joe Smith,Electrical Engineering,1
8,Timothy Moore,Electrical Engineering,6
96,Karl Hubbard,Software Engineering,6
63,Samantha Johnson,Mechanical Engineering,4
70,April Hernandez DDS,Computer Science,7
6,Eric Bean,Civil Engineering,5
34,Ashley Tanner,Electrical Engineering,5
33,Benjamin Austin,Computer Science,3
30,Sharon Andrews,Software Engineering,1
12,Emily Stokes,Software Engineering,6
69,Betty Moore,Computer Science,1
2,Emily Stokes,Computer Science,5
85,Lisa Singh,Computer Science,4
77,Cassandra Patterson,Software Engineering,4
49,Joseph Sawyer,Computer Science,3
2,Kelly Bernard,Electrical Engineering,7
60,Adam Phillips,Software Engineering,6
82,James Davis,Software Engineering,2
17,Brenda Burke,Software Engineering,1
39,Kristen Perkins,Civil Engineering,5
39,Samantha Johnson,Civil Engineering,7
97,Steven Johnson,Civil Engineering,1
93,Jennifer Krueger,Mechanical Engineering,5
58,Elizabeth Thomas,Electrical Engineering,5
48,Jimmy Hernandez,Civil Engineering,4
53,Dr. Jennifer Larson,Computer Science,8
58,Joe Smith,Biomedical Engineering,8
37,Daniel Carter,Mechanical Engineering,7
77,Marie Daniels,Biomedical Engineering,4
4,Christopher Roy,Computer Science,6
93,Nicholas Moore,Civil Engineering,1
45,Jimmy Hernandez,Electrical Engineering,7
8,Briana Nunez,Electrical Engineering,5
8,Michael Mitchell,Software Engineering,5
71,Karen Schultz,Biomedical Engineering,1
78,Betty Moore,Electrical Engineering,1
47,Elizabeth Thomas,Computer Science,1
57,Alejandro Parker,Biomedical Engineering,7
90,Christopher Evans,Software Engineering,6
45,Lisa Warner,Mechanical Engineering,3
72,Kristen Perkins,Civil Engineering,3
56,Michael Farley,Computer Science,5
82,April Hernandez DDS,Computer Science,5
14,Jason Andersen,Software Engineering,7
42,Christine Ayala,Software Engineering,6
44,Ashley Thomas,Computer Science,1
24,Kara Bradford,Computer Science,8
23,Pamela Rodriguez,Biomedical Engineering,2
56,Erin Hernandez,Computer Science,3
19,Sean Lopez,Electrical Engineering,8
40,Emily Burton,Civil Engineering,7
54,Cassidy Harper,Computer Science,6
26,Eric Bean,Biomedical Engineering,5
13,Richard King,Software Engineering,5
5,Alejandro Parker,Electrical Engineering,5
20,Kevin Sims,Civil Engineering,6
48,Tracie Martinez,Biomedical Engineering,8
37,Tristan Baxter,Mechanical Engineering,5
1,Kristie Blankenship,Mechanical Engineering,1
28,Ryan Martin,Electrical Engineering,4
4,Jimmy Hernandez,Biomedical Engineering,6
62,Bruce Cisneros,Computer Science,4
53,Emily Burton,Biomedical Engineering,6
24,Brandon Simmons,Civil Engineering,6
75,Elizabeth Thomas,Civil Engineering,7
24,Alexis Smith,Civil Engineering,6
18,Francis Kim,Civil Engineering,1
98,Emily Manning,Electrical Engineering,3
5,Dustin Gonzales,Civil Engineering,1
42,Frank Munoz,Civil Engineering,5
89,Tracie Martinez,Software Engineering,2
20,Christopher Evans,Software Engineering,5
1,Katie Chandler,Computer Science,8
95,Jimmy Hernandez,Computer Science,4
92,Michelle Martinez,Mechanical Engineering,3
49,Tracie Martinez,Electrical Engineering,5
91,Michelle Martinez,Biomedical Engineering,8
48,Cassandra Patterson,Computer Science,5
85,Paul Hays,Civil Engineering,1
39,Leroy Kent,Software Engineering,3
78,Alejandro Parker,Electrical Engineering,3
11,Brandon Simmons,Mechanical Engineering,7
76,James Andrews,Civil Engineering,1
83,Raymond Ochoa,Mechanical Engineering,5
55,Emily Burton,Civil Engineering,8
69,Erin Hernandez,Software Engineering,7
65,Katie Chandler,Software Engineering,7
41,Jimmy Hernandez,Electrical Engineering,4
95,Ashley Tanner,Electrical Engineering,6
73,Steven Johnson,Computer Science,5
90,Timothy King,Computer Science,1
1,James Andrews,Electrical Engineering,1
60,Marie Daniels,Electrical Engineering,5
90,Rose Pierce,Software Engineering,7
87,Dustin Gonzales,Electrical Engineering,5
52,Katie Chandler,Electrical Engineering,4
3,Daniel Evans,Civil Engineering,3
13,Steven Johnson,Software Engineering,4
8,Jason Andersen,Software Engineering,5
97,April Hernandez DDS,Electrical Engineering,2
75,Matthew Noble,Mechanical Engineering,4
52,Christy Crane,Civil Engineering,5
29,Lisa Ward,Computer Science,7
19,James Andrews,Software Engineering,5
55,Joseph Sawyer,Biomedical Engineering,7
57,Timothy King,Software Engineering,6
44,Bruce Cisneros,Software Engineering,7
83,Nicholas Moore,Electrical Engineering,6
68,Cassidy Harper,Civil Engineering,4
7,Suzanne Perry,Electrical Engineering,4
40,Jason Wheeler,Civil Engineering,7
2,Jason Wheeler,Computer Science,3
21,Kristina Butler,Electrical Engineering,3
41,Cassidy Harper,Mechanical Engineering,7
44,Daniel Carter,Electrical Engineering,4
46,Steven Johnson,Biomedical Engineering,5
100,Todd Beltran,Software Engineering,5
65,James Davis,Electrical Engineering,4
69,Emily Manning,Electrical Engineering,8
50,Kristina Butler,Software Engineering,2
85,Michael Farley,Civil Engineering,4
9,Jimmy Hernandez,Civil Engineering,4
55,Daniel Carter,Mechanical Engineering,7
24,Jimmy Hernandez,Mechanical Engineering,2
50,Karen Schultz,Civil Engineering,8
12,Elizabeth Thomas,Biomedical Engineering,4
43,James Davis,Software Engineering,3
18,Kelly Fowler,Civil Engineering,5
60,Robert Ford,Mechanical Engineering,6
57,Becky Acosta,Civil Engineering,7
72,Crystal Gonzalez,Electrical Engineering,6
82,Bruce Cisneros,Software Engineering,7
94,Laura Wilson,Biomedical Engineering,7
36,Kelly Bernard,Computer Science,6
39,April Hernandez DDS,Computer Science,5
90,Daniel Carter,Computer Science,5
32,Laura Lopez,Civil Engineering,3
72,April Hernandez DDS,Civil Engineering,3
98,Christine Ayala,Mechanical Engineering,4
82,Jason Andersen,Computer Science,2
43,Rose Pierce,Computer Science,7
28,Regina Medina,Computer Science,4
89,Elizabeth Thomas,Computer Science,7
85,Joseph Jenkins,Software Engineering,4
71,Michelle Martinez,Software Engineering,7
45,April Hernandez DDS,Software Engineering,4
2,Tracie Martinez,Biomedical Engineering,5
16,Courtney Warren,Software Engineering,2
23,Michael Farley,Electrical Engineering,3
53,Todd Beltran,Civil Engineering,4
77,Marie Daniels,Software Engineering,7
5,Tracie Martinez,Biomedical Engineering,5
82,Cassidy Harper,Biomedical Engineering,5
13,Jennifer Krueger,Electrical Engineering,6
49,Raymond Ochoa,Biomedical Engineering,3
83,Tracie Martinez,Mechanical Engineering,2
67,Karl Hubbard,Mechanical Engineering,8
24,Lisa Ward,Mechanical Engineering,1
12,Brandon Simmons,Computer Science,5
31,Matthew Noble,Electrical Engineering,1
66,Wendy Pacheco,Computer Science,5
24,Elizabeth Thomas,Software Engineering,2
56,Jeffrey Garza,Computer Science,5
95,Elizabeth Thomas,Software Engineering,3
1,Raymond Ochoa,Biomedical Engineering,6
44,Karen Simpson,Mechanical Engineering,4
60,Karen Simpson,Software Engineering,7
80,Jimmy Hernandez,Electrical Engineering,5
20,Dustin Gonzales,Civil Engineering,4
53,Marie Daniels,Civil Engineering,2
6,Emily Manning,Mechanical Engineering,5
64,Nicholas Moore,Software Engineering,7
67,Suzanne Perry,Software Engineering,5
10,John Jackson,Biomedical Engineering,8
87,Elizabeth Thomas,Computer Science,4
30,Rose Pierce,Biomedical Engineering,1
54,Michael Farley,Computer Science,7
68,Regina Medina,Electrical Engineering,3
48,Christopher Evans,Computer Science,4
15,Jimmy Hernandez,Computer Science,1
37,Christine Ayala,Electrical Engineering,3
79,Katie Chandler,Computer Science,1
83,Jeffrey Garza,Electrical Engineering,8
23,Cassandra Patterson,Computer Science,5
93,Elizabeth Thomas,Software Engineering,5
65,Kyle Henson,Mechanical Engineering,2
28,Ryan Martin,Software Engineering,6
56,Jason Andersen,Computer Science,7
76,Richard King,Software Engineering,1
90,Kristina Butler,Computer Science,5
14,Richard King,Software Engineering,5
62,Charles Gates,Electrical Engineering,5
36,Karl Hubbard,Electrical Engineering,4
83,Dr. Jennifer Larson,Biomedical Engineering,6
20,Courtney Warren,Software Engineering,6
2,Dustin Gonzales,Software Engineering,5
50,Rose Pierce,Biomedical Engineering,4
7,Deborah Cole,Computer Science,4
94,James Davis,Software Engineering,3
44,Austin Phillips,Biomedical Engineering,1
81,Victoria Salas,Civil Engineering,7
90,Sharon Andrews,Civil Engineering,5
39,Kara Bradford,Software Engineering,4
8,Steven Johnson,Civil Engineering,8
3,Charles Gates,Software Engineering,5
75,Samantha Johnson,Software Engineering,3
39,Pamela Rodriguez,Software Engineering,7
76,Joseph Jenkins,Software Engineering,1
75,Eric Bean,Electrical Engineering,6
33,Francis Kim,Electrical Engineering,3
5,Charles Gates,Software Engineering,6
2,Matthew Noble,Computer Science,5
72,Kristen Perkins,Software Engineering,4
84,Joe Smith,Electrical Engineering,8
61,Dustin Gonzales,Computer Science,1
68,Jimmy Hernandez,Computer Science,3
35,Katie Chandler,Mechanical Engineering,5
48,Regina Medina,Biomedical Engineering,2
42,Francis Kim,Electrical Engineering,6
31,Kara Bradford,Software Engineering,6
3,Sabrina Johnson,Software Engineering,6
49,Crystal Gonzalez,Computer Science,7
40,Steven Boyle,Civil Engineering,4
93,Matthew Johnson,Software Engineering,6
18,Leroy Kent,Biomedical Engineering,8
66,Dr. Jennifer Larson,Electrical Engineering,5
90,Courtney Warren,Civil Engineering,1
47,Pamela Rodriguez,Electrical Engineering,6
57,Crystal Gonzalez,Software Engineering,7
33,April Hernandez DDS,Software Engineering,3
31,Timothy Moore,Civil Engineering,4
21,Victoria Salas,Electrical Engineering,1
85,Adam Phillips,Biomedical Engineering,4
14,Kelly Bernard,Electrical Engineering,7
95,Joe Smith,Software Engineering,3
6,Erin Hernandez,Civil Engineering,8
17,James Andrews,Software Engineering,5
7,Dustin Gonzales,Civil Engineering,4
67,Austin Phillips,Civil Engineering,2
1,Victoria Salas,Software Engineering,7
90,Jason Wheeler,Civil Engineering,6
38,Christopher Valdez,Civil Engineering,3
70,Katie Chandler,Computer Science,8
68,Kyle Henson,Computer Science,5
3,Ashley Tanner,Electrical Engineering,4
36,Jason Wheeler,Biomedical Engineering,5
44,Brandon Simmons,Computer Science,2
68,Ryan Martin,Civil Engineering,4
66,Kristie Blankenship,Electrical Engineering,4
16,Briana Nunez,Mechanical Engineering,7
22,Stacy Becker,Electrical Engineering,7
62,Jason Andersen,Electrical Engineering,6
95,Robert Ford,Computer Science,2
86,Joe Smith,Computer Science,1
20,Nicholas Moore,Computer Science,4
6,Adam Phillips,Computer Science,4
96,Suzanne Perry,Electrical Engineering,6
79,Samantha Johnson,Biomedical Engineering,7
94,Alexis Smith,Computer Science,8
59,Jennifer Krueger,Software Engineering,1
46,Cindy Sullivan,Software Engineering,5
45,Dustin Gonzales,Electrical Engineering,3
34,Elizabeth Thomas,Computer Science,6
66,Daniel Evans,Civil Engineering,8
31,Brenda Burke,Software Engineering,5
61,Wendy Pacheco,Computer Science,5
52,Kristina Butler,Civil Engineering,3
39,Daniel Carter,Civil Engineering,4
80,Michelle Martinez,Software Engineering,7
45,Brandon Simmons,Software Engineering,5
10,Emily Burton,Biomedical Engineering,5
85,Brandon Simmons,Computer Science,3
96,Matthew Noble,Electrical Engineering,6
16,Kristie Blankenship,Biomedical Engineering,6
38,Karen Simpson,Computer Science,8
14,John Jackson,Biomedical Engineering,8
36,Emily Manning,Mechanical Engineering,7
87,Tristan Baxter,Software Engineering,4
71,Joseph Sawyer,Electrical Engineering,5
61,Kevin Sims,Software Engineering,3
5,Frank Munoz,Civil Engineering,7
4,Laura Wilson,Software Engineering,5
30,Benjamin Austin,Biomedical Engineering,6
89,Kristen Perkins,Biomedical Engineering,7
67,Charles Gates,Electrical Engineering,1
16,Kyle Henson,Software Engineering,8
5,Todd Beltran,Electrical Engineering,3
60,Kara Bradford,Mechanical Engineering,4
52,Cassidy Harper,Civil Engineering,3
62,Brenda Burke,Computer Science,1
14,Richard King,Software Engineering,2
25,Ryan Martin,Mechanical Engineering,3
20,Jason Wheeler,Civil Engineering,7
20,Jennifer Krueger,Computer Science,5
64,Samantha Johnson,Software Engineering,5
15,Kyle Henson,Biomedical Engineering,4
98,Betty Moore,Electrical Engineering,8
34,Christopher Roy,Software Engineering,4
15,Kristina Butler,Software Engineering,4
40,Francis Kim,Biomedical Engineering,5
95,Joe Smith,Software Engineering,7
44,Daniel Evans,Electrical Engineering,8
78,Tristan Baxter,Civil Engineering,1
14,Emily Manning,Biomedical Engineering,3
39,Jason Wheeler,Computer Science,6
79,Angela Greene,Mechanical Engineering,6
10,Brenda Burke,Civil Engineering,3
74,Bruce Cisneros,Biomedical Engineering,4
15,Robert Ford,Computer Science,4
2,Jeffrey Garza,Electrical Engineering,8
26,Rose Pierce,Electrical Engineering,4
88,Cassandra Patterson,Electrical Engineering,4
39,Kelly Fowler,Mechanical Engineering,6
95,Paul Hays,Computer Science,7
8,Raymond Ochoa,Biomedical Engineering,2
61,Lisa Singh,Software Engineering,1
69,Timothy King,Software Engineering,4
6,Steven Johnson,Civil Engineering,6
40,Sharon Andrews,Biomedical Engineering,6
29,Joe Smith,Electrical Engineering,5
96,Karl Hubbard,Mechanical Engineering,5
94,Samantha Johnson,Computer Science,7
90,Crystal Gonzalez,Software Engineering,4
93,Steven Johnson,Civil Engineering,7
31,Wendy Pacheco,Software Engineering,4
41,Jeffrey Garza,Civil Engineering,8
29,Brandon Simmons,Mechanical Engineering,1
63,Briana Nunez,Software Engineering,3
93,Elizabeth Thomas,Biomedical Engineering,3
3,Alexis Smith,Biomedical Engineering,6
34,Suzanne Perry,Software Engineering,2
93,Daniel Carter,Computer Science,6
100,Emily Burton,Electrical Engineering,3
12,Laura Lopez,Civil Engineering,5
52,Joseph Sawyer,Computer Science,4
31,Kevin Sims,Mechanical Engineering,4
82,Kara Bradford,Software Engineering,5
22,Joseph Sawyer,Mechanical Engineering,7
2,Kevin Sims,Civil Engineering,8
25,James Davis,Mechanical Engineering,6
25,James Andrews,Mechanical Engineering,1
99,Nicholas Moore,Computer Science,3
65,Sharon Andrews,Civil Engineering,2
4,Wendy Pacheco,Civil Engineering,6
68,Austin Phillips,Civil Engineering,4
27,Christopher Roy,Civil Engineering,1
21,Karl Hubbard,Software Engineering,2
37,Christopher Roy,Biomedical Engineering,4
16,Jennifer Krueger,Biomedical Engineering,4
60,Nicholas Moore,Software Engineering,6
62,Kristen Perkins,Electrical Engineering,8
67,April Hernandez DDS,Biomedical Engineering,5
23,Cindy Sullivan,Software Engineering,6
12,Tristan Baxter,Software Engineering,7
97,Richard King,Software Engineering,7
54,Brenda Burke,Mechanical Engineering,8
72,Robert Ford,Mechanical Engineering,3
27,Lisa Singh,Computer Science,5
8,Sharon Andrews,Software Engineering,4
31,Lisa Singh,Mechanical Engineering,3
77,Betty Moore,Electrical Engineering,7
18,Daniel Carter,Electrical Engineering,1
80,Stacy Becker,Biomedical Engineering,7
18,Karl Hubbard,Biomedical Engineering,1
14,Jeffrey Garza,Electrical Engineering,6
79,Michael Mitchell,Mechanical Engineering,5
25,Briana Nunez,Civil Engineering,4
53,Randy Johnston,Electrical Engineering,5
82,Benjamin Austin,Computer Science,1
94,Cassandra Patterson,Mechanical Engineering,1
39,Nicholas Moore,Electrical Engineering,3
64,Emily Stokes,Computer Science,1
32,Dr. Jennifer Larson,Electrical Engineering,8
47,Lisa Warner,Civil Engineering,2
41,Kristina Butler,Computer Science,3
19,Tracie Martinez,Software Engineering,1
18,Karen Schultz,Electrical Engineering,7
78,Alejandro Parker,Civil Engineering,5
12,Jason Wheeler,Biomedical Engineering,2
85,Joseph Sawyer,Software Engineering,5
29,Lisa Warner,Mechanical Engineering,3
62,Crystal Gonzalez,Civil Engineering,4
56,Todd Beltran,Software Engineering,8
17,Alexis Smith,Software Engineering,8
94,Michael Mitchell,Computer Science,1
39,Erin Hernandez,Civil Engineering,4
64,Richard King,Biomedical Engineering,2
31,Daniel Carter,Electrical Engineering,6
79,Todd Beltran,Software Engineering,5
65,Cassandra Patterson,Software Engineering,3
13,Aaron Johnson,Civil Engineering,3
59,Kara Bradford,Mechanical Engineering,6
68,Christy Crane,Electrical Engineering,7
15,Laura Wilson,Biomedical Engineering,7
90,Jimmy Hernandez,Mechanical Engineering,5
37,Charles Gates,Electrical Engineering,4
53,Cassandra Patterson,Computer Science,5
18,Sharon Andrews,Computer Science,4
96,Joseph Sawyer,Electrical Engineering,1
13,Karen Simpson,Civil Engineering,6
82,Karen Simpson,Computer Science,2
85,Austin Phillips,Electrical Engineering,2
27,Tristan Baxter,Civil Engineering,8
91,Regina Medina,Biomedical Engineering,4
33,Cassidy Harper,Mechanical Engineering,5
36,Elizabeth Thomas,Computer Science,7
83,Ashley Thomas,Software Engineering,3
78,Sabrina Johnson,Software Engineering,6
69,Eric Bean,Biomedical Engineering,4
72,Timothy King,Biomedical Engineering,1
29,Alejandro Parker,Electrical Engineering,1
38,Timothy King,Electrical Engineering,5
92,Wendy Pacheco,Biomedical Engineering,5
98,Matthew Noble,Software Engineering,5
6,Victoria Salas,Civil Engineering,4
60,Betty Moore,Civil Engineering,7
20,Kara Bradford,Software Engineering,5
73,Christopher Valdez,Software Engineering,6
32,Betty Moore,Computer Science,2
95,Ashley Thomas,Computer Science,6
54,Jason Wheeler,Computer Science,4
92,Michael Farley,Mechanical Engineering,5
20,Todd Beltran,Software Engineering,2
17,Tristan Baxter,Software Engineering,8
79,Christopher Valdez,Computer Science,7
95,Cassandra Patterson,Civil Engineering,4
63,Aaron Johnson,Mechanical Engineering,8
17,Joseph Sawyer,Software Engineering,5
67,Frank Munoz,Software Engineering,7
79,Elizabeth Thomas,Electrical Engineering,8
50,Dustin Gonzales,Mechanical Engineering,1
54,Alejandro Parker,Software Engineering,4
17,Timothy Moore,Mechanical Engineering,5
65,Brandon Simmons,Computer Science,7
98,James Davis,Electrical Engineering,2
16,Christopher Roy,Biomedical Engineering,5
50,Brenda Burke,Electrical Engineering,2
70,Kelly Fowler,Electrical Engineering,2
15,Todd Beltran,Computer Science,4
39,Daniel Evans,Civil Engineering,6
28,Kyle Henson,Mechanical Engineering,7
18,Jimmy Hernandez,Civil Engineering,8
100,Nicholas Moore,Biomedical Engineering,8
83,Frank Munoz,Computer Science,3
4,James Davis,Computer Science,2
39,Laura Wilson,Electrical Engineering,7
51,Courtney Warren,Mechanical Engineering,1
68,Samantha Johnson,Software Engineering,6
6,Joseph Sawyer,Biomedical Engineering,5
93,Frank Munoz,Computer Science,5
49,Sabrina Johnson,Electrical Engineering,3
76,Tristan Baxter,Software Engineering,8
42,Austin Phillips,Electrical Engineering,5
1,Joseph Sawyer,Software Engineering,4
6,Wendy Pacheco,Electrical Engineering,7
25,Alejandro Parker,Mechanical Engineering,8
100,Matthew Noble,Software Engineering,5
4,Jennifer Krueger,Electrical Engineering,8
7,Jason Wheeler,Civil Engineering,5
48,Christine Ayala,Electrical Engineering,6
49,Sean Lopez,Computer Science,6
5,Marie Daniels,Civil Engineering,2
72,Sabrina Johnson,Electrical Engineering,1
44,Alejandro Parker,Computer Science,4
54,Kara Bradford,Computer Science,5
96,Raymond Ochoa,Software Engineering,4
14,Joe Smith,Computer Science,1
5,Karl Hubbard,Software Engineering,8
24,Jason Andersen,Computer Science,6
93,Daniel Evans,Software Engineering,6
83,Michael Farley,Electrical Engineering,3
12,Kelly Fowler,Civil Engineering,2
78,Timothy Moore,Electrical Engineering,4
23,Brandon Simmons,Computer Science,7
96,Elizabeth Thomas,Software Engineering,6
62,Leroy Kent,Biomedical Engineering,7
81,Francis Kim,Computer Science,4
50,Kelly Fowler,Civil Engineering,5
4,Kelly Bernard,Software Engineering,4
61,Kristen Perkins,Mechanical Engineering,7
50,Aaron Johnson,Mechanical Engineering,4
7,John Jackson,Computer Science,5
9,Daniel Carter,Software Engineering,7
74,Michael Mitchell,Computer Science,1
10,Kelly Bernard,Software Engineering,1
54,Matthew Noble,Mechanical Engineering,3
19,Christopher Evans,Civil Engineering,5
12,Laura Lopez,Computer Science,3
43,Joe Smith,Computer Science,7
62,Cindy Sullivan,Computer Science,1
47,Samantha Johnson,Computer Science,4
42,Michelle Martinez,Computer Science,6
64,Adam Phillips,Software Engineering,4
71,Robert Ford,Software Engineering,1
4,Becky Acosta,Computer Science,2
89,Stacy Becker,Biomedical Engineering,1
94,Marie Daniels,Biomedical Engineering,5
95,Regina Medina,Biomedical Engineering,4
78,Michael Farley,Mechanical Engineering,2
93,Leroy Kent,Biomedical Engineering,2
61,Elizabeth Thomas,Computer Science,4
85,Todd Beltran,Electrical Engineering,6
21,Betty Moore,Computer Science,4
81,Charles Gates,Computer Science,4
46,Cindy Sullivan,Computer Science,4
59,Deborah Cole,Civil Engineering,6
14,Steven Boyle,Civil Engineering,6
7,Emily Burton,Computer Science,6
71,Kevin Sims,Biomedical Engineering,3
94,Elizabeth Thomas,Biomedical Engineering,7
54,Francis Kim,Electrical Engineering,6
61,Katie Chandler,Biomedical Engineering,4
77,Joseph Jenkins,Electrical Engineering,6
82,James Davis,Mechanical Engineering,1
90,Jason Wheeler,Biomedical Engineering,1
41,Alejandro Parker,Electrical Engineering,3
14,Matthew Johnson,Biomedical Engineering,4
64,Ryan Martin,Mechanical Engineering,2
31,Rose Pierce,Electrical Engineering,4
89,Jimmy Hernandez,Civil Engineering,5
25,Courtney Warren,Computer Science,7
60,Ryan Martin,Computer Science,7
35,Steven Johnson,Software Engineering,5
24,Randy Johnston,Civil Engineering,2
40,Lisa Warner,Software Engineering,8
88,Matthew Noble,Computer Science,4
98,Lisa Singh,Electrical Engineering,1
89,Lisa Ward,Civil Engineering,4
7,Victoria Salas,Electrical Engineering,5
87,Lisa Ward,Software Engineering,5
45,Cindy Sullivan,Biomedical Engineering,1
47,Karl Hubbard,Electrical Engineering,5
82,Matthew Johnson,Mechanical Engineering,2
73,Francis Kim,Mechanical Engineering,5
31,Lisa Warner,Electrical Engineering,1
27,Wendy Pacheco,Software Engineering,7
22,Sharon Andrews,Electrical Engineering,5
61,Aaron Johnson,Computer Science,5
70,Joseph Sawyer,Software Engineering,2
64,Kristie Blankenship,Computer Science,8
48,Crystal Gonzalez,Mechanical Engineering,6
73,Joe Smith,Software Engineering,2
67,Angela Greene,Biomedical Engineering,3
92,Christopher Valdez,Electrical Engineering,5
54,Alejandro Parker,Computer Science,1
67,Leroy Kent,Software Engineering,7
23,Cindy Sullivan,Mechanical Engineering,8
27,Brenda Burke,Civil Engineering,4
12,Leroy Kent,Mechanical Engineering,3
4,Steven Johnson,Computer Science,3
22,Victoria Salas,Biomedical Engineering,3
18,Jimmy Hernandez,Civil Engineering,7
40,Karl Hubbard,Electrical Engineering,7
6,Robert Ford,Computer Science,8
53,Brenda Burke,Software Engineering,4
4,Charles Gates,Biomedical Engineering,4
49,Frank Munoz,Software Engineering,7
89,Christopher Valdez,Software Engineering,4
40,Michael Farley,Civil Engineering,3
27,Wendy Pacheco,Computer Science,7
32,Steven Boyle,Civil Engineering,6
52,Cassidy Harper,Mechanical Engineering,5
45,Randy Johnston,Computer Science,1
4,Cassidy Harper,Software Engineering,5
100,Ryan Martin,Software Engineering,1
19,Regina Medina,Electrical Engineering,4
91,Austin Phillips,Biomedical Engineering,3
71,Daniel Carter,Civil Engineering,3
92,Laura Wilson,Civil Engineering,5
55,April Hernandez DDS,Electrical Engineering,2
62,Regina Medina,Civil Engineering,5
16,Karl Hubbard,Software Engineering,1
56,Alejandro Parker,Mechanical Engineering,8
10,Emily Burton,Civil Engineering,5
94,Angela Greene,Software Engineering,7
75,Lisa Ward,Civil Engineering,1
66,Benjamin Austin,Biomedical Engineering,7
89,Regina Medina,Electrical Engineering,5
33,Pamela Rodriguez,Electrical Engineering,4
26,Becky Acosta,Computer Science,5
63,Karen Simpson,Civil Engineering,7
5,Adam Phillips,Software Engineering,5
76,Sean Lopez,Computer Science,7
37,Laura Wilson,Biomedical Engineering,6
46,Katie Chandler,Electrical Engineering,3
42,Briana Nunez,Civil Engineering,4
54,Samantha Johnson,Mechanical Engineering,8
27,Victoria Salas,Electrical Engineering,7
60,Christy Crane,Electrical Engineering,5
83,Emily Stokes,Computer Science,7
26,Francis Kim,Mechanical Engineering,7
30,Suzanne Perry,Electrical Engineering,8
83,Timothy King,Biomedical Engineering,4
87,Laura Lopez,Electrical Engineering,6
44,Bruce Cisneros,Software Engineering,6
50,Daniel Evans,Computer Science,6
82,Sean Lopez,Computer Science,3
87,Nicholas Moore,Computer Science,3
85,Emily Burton,Civil Engineering,7
71,Nicholas Moore,Computer Science,7
89,Rose Pierce,Biomedical Engineering,3
87,Pamela Rodriguez,Electrical Engineering,5
73,Samantha Johnson,Computer Science,6
32,Michael Farley,Civil Engineering,1
84,Jason Andersen,Computer Science,3
6,Michael Mitchell,Civil Engineering,7
67,James Davis,Mechanical Engineering,5
96,Sean Lopez,Mechanical Engineering,2
63,Steven Johnson,Software Engineering,2
57,Kelly Bernard,Electrical Engineering,5
99,Wendy Pacheco,Mechanical Engineering,6
38,Francis Kim,Computer Science,6
17,Kelly Fowler,Computer Science,7
59,Timothy Moore,Biomedical Engineering,5
22,Bruce Cisneros,Computer Science,7
98,Timothy King,Civil Engineering,5
85,Matthew Johnson,Electrical Engineering,2
34,Daniel Carter,Civil Engineering,4
100,Frank Munoz,Mechanical Engineering,8
24,Cassidy Harper,Civil Engineering,5
43,Nicholas Moore,Software Engineering,5
83,Kristina Butler,Software Engineering,8
30,Angela Greene,Software Engineering,6
56,Ashley Thomas,Civil Engineering,5
1,Sean Lopez,Biomedical Engineering,5
47,Matthew Noble,Electrical Engineering,7
38,James Davis,Civil Engineering,3
72,Paul Hays,Biomedical Engineering,7
90,Brenda Burke,Computer Science,5
17,Karl Hubbard,Civil Engineering,6
79,Becky Acosta,Electrical Engineering,7
49,Jason Andersen,Mechanical Engineering,4
8,John Jackson,Computer Science,3
24,Wendy Pacheco,Computer Science,7
84,Ashley Tanner,Biomedical Engineering,5
18,Briana Nunez,Computer Science,3
57,Brenda Burke,Civil Engineering,5
14,Erin Hernandez,Electrical Engineering,7
59,Bruce Cisneros,Computer Science,4
95,Wendy Pacheco,Software Engineering,5
72,Joseph Jenkins,Biomedical Engineering,5
52,Daniel Carter,Software Engineering,8
25,Raymond Ochoa,Civil Engineering,1
62,Kyle Henson,Civil Engineering,5
56,Christine Ayala,Software Engineering,8
6,Kristen Perkins,Software Engineering,4
89,Matthew Johnson,Software Engineering,6
12,Deborah Cole,Civil Engineering,7
15,Cassandra Patterson,Computer Science,2
65,Charles Gates,Software Engineering,7
94,Deborah Cole,Software Engineering,7
67,Austin Phillips,Computer Science,7
7,Karen Simpson,Computer Science,3
99,James Davis,Civil Engineering,2
14,Christine Ayala,Electrical Engineering,8
7,Jeffrey Garza,Biomedical Engineering,2
81,Lisa Ward,Mechanical Engineering,3
27,Lisa Ward,Software Engineering,1
79,Jason Wheeler,Biomedical Engineering,3
38,Kristie Blankenship,Computer Science,4
14,Betty Moore,Civil Engineering,7
74,Regina Medina,Computer Science,3
80,Bruce Cisneros,Biomedical Engineering,5
54,John Jackson,Software Engineering,3
34,Emily Stokes,Electrical Engineering,3
71,Karl Hubbard,Biomedical Engineering,1
66,Daniel Carter,Electrical Engineering,6
72,Karen Simpson,Computer Science,2
35,Lisa Singh,Computer Science,3
81,Jennifer Krueger,Biomedical Engineering,1
86,John Jackson,Biomedical Engineering,3
90,Steven Boyle,Software Engineering,3
13,Lisa Warner,Software Engineering,3
33,Pamela Rodriguez,Civil Engineering,7
39,Dr. Jennifer Larson,Software Engineering,5
82,John Jackson,Biomedical Engineering,4
49,Joseph Jenkins,Mechanical Engineering,6
35,James Davis,Biomedical Engineering,4
43,Kristie Blankenship,Electrical Engineering,5
50,Cassidy Harper,Computer Science,7
90,Richard King,Computer Science,6
23,Pamela Rodriguez,Software Engineering,7
89,Matthew Johnson,Computer Science,7
26,Bruce Cisneros,Computer Science,6
28,Michael Farley,Mechanical Engineering,7
72,Christopher Evans,Computer Science,5
5,Christopher Roy,Electrical Engineering,8
33,Emily Stokes,Computer Science,4
63,Angela Greene,Computer Science,4
50,James Davis,Biomedical Engineering,2
43,Tracie Martinez,Software Engineering,3
11,Christopher Roy,Computer Science,4
77,Timothy Moore,Software Engineering,7
96,Ashley Tanner,Software Engineering,5
9,Lisa Singh,Civil Engineering,5
8,Timothy King,Mechanical Engineering,8
83,Steven Boyle,Software Engineering,6
96,Charles Gates,Computer Science,7
18,Ashley Tanner,Computer Science,3
46,Wendy Pacheco,Electrical Engineering,5
30,Regina Medina,Electrical Engineering,5
45,Dr. Jennifer Larson,Mechanical Engineering,7
95,Kelly Bernard,Mechanical Engineering,7
1,Robert Ford,Computer Science,4
6,Ashley Thomas,Software Engineering,6
19,Kevin Sims,Mechanical Engineering,5
75,Bruce Cisneros,Software Engineering,1
11,Tristan Baxter,Electrical Engineering,6
2,Raymond Ochoa,Mechanical Engineering,2
42,Katie Chandler,Computer Science,7
63,Francis Kim,Software Engineering,2
47,Emily Burton,Electrical Engineering,1
88,Courtney Warren,Computer Science,5
51,Charles Gates,Electrical Engineering,5
80,Benjamin Austin,Computer Science,1
43,Timothy King,Software Engineering,6
7,Cassandra Patterson,Biomedical Engineering,3
77,Matthew Noble,Biomedical Engineering,5
75,Kevin Sims,Software Engineering,3
82,Samantha Johnson,Biomedical Engineering,5
27,Francis Kim,Electrical Engineering,5
11,Steven Boyle,Computer Science,3
73,Regina Medina,Software Engineering,4
21,Lisa Ward,Software Engineering,7
42,Becky Acosta,Electrical Engineering,7
73,Christine Ayala,Electrical Engineering,6
80,Lisa Warner,Computer Science,7
78,Becky Acosta,Electrical Engineering,5
86,Francis Kim,Biomedical Engineering,2
76,Kyle Henson,Software Engineering,7
5,Ryan Martin,Computer Science,7
36,Tristan Baxter,Computer Science,1
22,Joseph Sawyer,Mechanical Engineering,2
46,Crystal Gonzalez,Computer Science,4
19,Timothy Moore,Computer Science,3
93,Lisa Warner,Civil Engineering,3
29,Victoria Salas,Computer Science,3
12,Sean Lopez,Computer Science,2
40,Timothy Moore,Computer Science,3
14,Francis Kim,Biomedical Engineering,6
66,Victoria Salas,Electrical Engineering,7
15,Emily Manning,Biomedical Engineering,1
46,Jeffrey Garza,Software Engineering,8
40,Joseph Sawyer,Computer Science,1
6,Sean Lopez,Software Engineering,5
67,Christine Ayala,Computer Science,4
3,Todd Beltran,Electrical Engineering,1
65,James Davis,Electrical Engineering,6
40,Joe Smith,Computer Science,3
21,Courtney Warren,Software Engineering,6
40,Steven Boyle,Software Engineering,7
35,Kristina Butler,Biomedical Engineering,4
97,Betty Moore,Mechanical Engineering,4
34,Tristan Baxter,Civil Engineering,6
90,Christy Crane,Electrical Engineering,5
7,Wendy Pacheco,Electrical Engineering,1
3,Jason Wheeler,Civil Engineering,2
4,Randy Johnston,Electrical Engineering,7
47,Elizabeth Thomas,Electrical Engineering,4
5,Sharon Andrews,Biomedical Engineering,6
63,Sean Lopez,Computer Science,3
73,Laura Lopez,Mechanical Engineering,5
79,Kelly Fowler,Civil Engineering,1
55,Francis Kim,Civil Engineering,3
13,Nicholas Moore,Biomedical Engineering,1
25,Francis Kim,Civil Engineering,1
69,Marie Daniels,Software Engineering,2
39,Joseph Jenkins,Software Engineering,4
7,Deborah Cole,Mechanical Engineering,5
17,Kelly Bernard,Biomedical Engineering,1
56,Steven Boyle,Software Engineering,6
87,Dustin Gonzales,Computer Science,7
8,Tristan Baxter,Software Engineering,4
22,Paul Hays,Mechanical Engineering,7
96,Jennifer Krueger,Software Engineering,6
17,Tristan Baxter,Computer Science,6
62,Michelle Martinez,Biomedical Engineering,6
91,Laura Wilson,Computer Science,7
87,Dr. Jennifer Larson,Software Engineering,4
49,Nicholas Moore,Computer Science,7
8,Karl Hubbard,Computer Science,6
95,Benjamin Austin,Software Engineering,3
42,Wendy Pacheco,Mechanical Engineering,7
100,Marie Daniels,Software Engineering,1
4,Kristina Butler,Software Engineering,5
12,Cindy Sullivan,Biomedical Engineering,4
74,Steven Boyle,Biomedical Engineering,6
68,Alejandro Parker,Civil Engineering,4
29,John Jackson,Computer Science,8
96,Laura Lopez,Biomedical Engineering,5
46,Erin Hernandez,Software Engineering,7
33,Sharon Andrews,Electrical Engineering,7
94,Kara Bradford,Software Engineering,8
64,Victoria Salas,Mechanical Engineering,5
62,Austin Phillips,Software Engineering,8
84,Stacy Becker,Mechanical Engineering,7
43,Erin Hernandez,Computer Science,5
40,Joseph Jenkins,Biomedical Engineering,5
65,Laura Wilson,Biomedical Engineering,2
96,Christopher Valdez,Computer Science,3
26,Tracie Martinez,Mechanical Engineering,7
46,Christopher Roy,Electrical Engineering,8
51,Eric Bean,Civil Engineering,6
45,Courtney Warren,Biomedical Engineering,3
48,Jennifer Krueger,Software Engineering,2
48,Pamela Rodriguez,Civil Engineering,4
86,Kara Bradford,Mechanical Engineering,7
75,Kyle Henson,Civil Engineering,6
100,James Andrews,Computer Science,7
12,Karl Hubbard,Mechanical Engineering,1
59,James Davis,Civil Engineering,1
75,Leroy Kent,Software Engineering,2
93,Alejandro Parker,Computer Science,1
21,Tracie Martinez,Mechanical Engineering,3
94,Lisa Warner,Software Engineering,8
67,Jason Wheeler,Biomedical Engineering,4
71,Jimmy Hernandez,Electrical Engineering,6
88,Steven Johnson,Biomedical Engineering,5
66,Deborah Cole,Electrical Engineering,7
1,Timothy King,Biomedical Engineering,6
11,Kelly Bernard,Mechanical Engineering,8
17,Marie Daniels,Biomedical Engineering,2
17,Aaron Johnson,Computer Science,7
92,Kevin Sims,Computer Science,4
38,Sean Lopez,Biomedical Engineering,2
10,Christopher Roy,Civil Engineering,5
34,Kevin Sims,Mechanical Engineering,5
46,Michael Mitchell,Software Engineering,5
16,Timothy Moore,Mechanical Engineering,1
92,Randy Johnston,Civil Engineering,5
64,Regina Medina,Mechanical Engineering,5
63,Ryan Martin,Software Engineering,5
8,Lisa Warner,Electrical Engineering,4
44,Michael Farley,Mechanical Engineering,5
32,April Hernandez DDS,Mechanical Engineering,5
49,Kara Bradford,Biomedical Engineering,5
74,Ryan Martin,Biomedical Engineering,4
9,Ryan Martin,Electrical Engineering,3
100,Angela Greene,Civil Engineering,6
31,Crystal Gonzalez,Civil Engineering,7
23,Erin Hernandez,Civil Engineering,4
35,Paul Hays,Computer Science,4
11,Angela Greene,Software Engineering,3
41,Victoria Salas,Software Engineering,8
8,Frank Munoz,Mechanical Engineering,3
56,James Davis,Computer Science,5
86,Cassandra Patterson,Software Engineering,7
6,Tracie Martinez,Computer Science,7
1,Richard King,Software Engineering,1
70,Tracie Martinez,Civil Engineering,1
100,Emily Stokes,Computer Science,4
96,Charles Gates,Civil Engineering,5
99,Emily Stokes,Biomedical Engineering,2
22,Laura Lopez,Computer Science,5
86,Steven Boyle,Biomedical Engineering,4
76,James Andrews,Biomedical Engineering,2
7,Lisa Ward,Software Engineering,2
86,Courtney Warren,Electrical Engineering,1
80,Courtney Warren,Software Engineering,7
35,Marie Daniels,Software Engineering,7
47,Joe Smith,Computer Science,1
57,Lisa Ward,Software Engineering,7
62,James Andrews,Mechanical Engineering,6
53,Emily Burton,Mechanical Engineering,7
71,Courtney Warren,Software Engineering,1
57,Charles Gates,Computer Science,5
99,James Davis,Electrical Engineering,7
69,Lisa Ward,Software Engineering,6
40,Francis Kim,Computer Science,1
24,James Andrews,Computer Science,7
95,Benjamin Austin,Computer Science,2
74,Richard King,Electrical Engineering,8
30,Christy Crane,Computer Science,4
56,Emily Stokes,Civil Engineering,5
8,Christopher Valdez,Computer Science,2
19,Matthew Noble,Electrical Engineering,4
18,Paul Hays,Civil Engineering,7
76,Jason Andersen,Computer Science,8
47,Raymond Ochoa,Software Engineering,8
58,James Andrews,Software Engineering,3
59,Laura Wilson,Computer Science,6
42,Austin Phillips,Software Engineering,7
64,Randy Johnston,Computer Science,5
92,Timothy Moore,Electrical Engineering,5
50,Alexis Smith,Civil Engineering,5
55,Victoria Salas,Electrical Engineering,4
50,Steven Boyle,Mechanical Engineering,1
91,Emily Manning,Software Engineering,2
64,Sean Lopez,Computer Science,5
38,Sean Lopez,Computer Science,5
70,Frank Munoz,Mechanical Engineering,3
100,Sean Lopez,Electrical Engineering,1
1,Eric Bean,Software Engineering,2
65,Crystal Gonzalez,Software Engineering,3
92,Kevin Sims,Electrical Engineering,5
46,Christopher Evans,Civil Engineering,8
2,Samantha Johnson,Software Engineering,5
96,Jason Andersen,Biomedical Engineering,6
21,Michelle Martinez,Biomedical Engineering,5
8,Kristen Perkins,Biomedical Engineering,4
27,Cassandra Patterson,Computer Science,5
36,Bruce Cisneros,Mechanical Engineering,4
18,Francis Kim,Electrical Engineering,3
10,Rose Pierce,Electrical Engineering,3
85,Lisa Singh,Civil Engineering,7
44,Raymond Ochoa,Civil Engineering,5
15,Regina Medina,Electrical Engineering,7
79,Lisa Singh,Computer Science,5
26,Timothy King,Electrical Engineering,5
86,James Davis,Electrical Engineering,5
54,Dustin Gonzales,Biomedical Engineering,2
8,Christopher Roy,Software Engineering,3
16,Stacy Becker,Civil Engineering,7
1,Richard King,Computer Science,4
59,Emily Manning,Computer Science,6
40,Courtney Warren,Computer Science,3
14,Deborah Cole,Computer Science,2
73,Kara Bradford,Software Engineering,5
9,Jason Andersen,Civil Engineering,2
17,Richard King,Electrical Engineering,7
38,Laura Lopez,Computer Science,1
89,Paul Hays,Computer Science,5
60,Emily Stokes,Mechanical Engineering,5
93,Timothy Moore,Computer Science,7
89,John Jackson,Civil Engineering,4
13,Regina Medina,Mechanical Engineering,6
27,Jimmy Hernandez,Civil Engineering,5
18,Samantha Johnson,Mechanical Engineering,4
20,Kelly Fowler,Computer Science,8
45,Crystal Gonzalez,Software Engineering,5
22,Jason Wheeler,Software Engineering,6
84,Charles Gates,Computer Science,5
48,Kara Bradford,Computer Science,6
29,Katie Chandler,Software Engineering,6
39,Timothy King,Electrical Engineering,3
69,Victoria Salas,Computer Science,3
40,Matthew Johnson,Computer Science,4
56,Katie Chandler,Software Engineering,8
3,Sean Lopez,Computer Science,5
2,Erin Hernandez,Electrical Engineering,6
68,Victoria Salas,Software Engineering,3
52,Michael Farley,Electrical Engineering,8
76,Samantha Johnson,Software Engineering,2
13,Alejandro Parker,Mechanical Engineering,7
38,Sharon Andrews,Biomedical Engineering,5
64,Jennifer Krueger,Electrical Engineering,1
3,Emily Burton,Software Engineering,4
8,James Davis,Computer Science,1
68,Cassidy Harper,Software Engineering,4
32,Jason Wheeler,Electrical Engineering,5
32,Matthew Johnson,Civil Engineering,3
5,Cassidy Harper,Software Engineering,7
89,Laura Wilson,Mechanical Engineering,7
66,Rose Pierce,Civil Engineering,1
25,Courtney Warren,Software Engineering,8
88,Daniel Carter,Biomedical Engineering,8
48,Wendy Pacheco,Computer Science,5
3,Kristie Blankenship,Mechanical Engineering,6
23,Pamela Rodriguez,Computer Science,6
14,Angela Greene,Software Engineering,5
91,Jason Wheeler,Mechanical Engineering,3
43,Jeffrey Garza,Electrical Engineering,6
66,Stacy Becker,Software Engineering,7
9,Kara Bradford,Computer Science,4
8,Sharon Andrews,Computer Science,7
83,Randy Johnston,Electrical Engineering,3
38,Emily Stokes,Computer Science,7
18,Brenda Burke,Mechanical Engineering,4
47,Marie Daniels,Electrical Engineering,4
6,Lisa Singh,Biomedical Engineering,7
80,Michelle Martinez,Software Engineering,7
6,James Davis,Biomedical Engineering,5
81,Christopher Roy,Biomedical Engineering,8
47,Kelly Fowler,Mechanical Engineering,4
84,Courtney Warren,Civil Engineering,7
39,April Hernandez DDS,Computer Science,6
98,Jennifer Krueger,Computer Science,2
10,Elizabeth Thomas,Mechanical Engineering,7
100,Joe Smith,Electrical Engineering,1
25,Francis Kim,Electrical Engineering,4
92,Samantha Johnson,Mechanical Engineering,1
12,Wendy Pacheco,Software Engineering,4
72,Elizabeth Thomas,Computer Science,7
61,Christy Crane,Software Engineering,4
24,Emily Manning,Software Engineering,8
84,Emily Manning,Electrical Engineering,4
77,Steven Johnson,Civil Engineering,2
76,Christopher Valdez,Computer Science,8
30,Michael Mitchell,Electrical Engineering,5
66,Stacy Becker,Civil Engineering,4
38,Alejandro Parker,Computer Science,3
35,Ryan Martin,Civil Engineering,2
90,Robert Ford,Software Engineering,1
16,Aaron Johnson,Software Engineering,6
61,Joseph Jenkins,Computer Science,5
58,Christopher Valdez,Civil Engineering,4
63,Elizabeth Thomas,Civil Engineering,6
33,Daniel Carter,Civil Engineering,7
92,Laura Wilson,Computer Science,3
2,Becky Acosta,Mechanical Engineering,7
8,Courtney Warren,Mechanical Engineering,7
78,Elizabeth Thomas,Civil Engineering,7
32,Dustin Gonzales,Biomedical Engineering,4
42,Francis Kim,Software Engineering,5
35,Christopher Valdez,Mechanical Engineering,1
21,Joe Smith,Biomedical Engineering,3
31,Kara Bradford,Biomedical Engineering,2
68,Brandon Simmons,Electrical Engineering,5
34,Timothy King,Computer Science,4
48,Timothy King,Electrical Engineering,1
22,Pamela Rodriguez,Civil Engineering,8
75,Crystal Gonzalez,Computer Science,5
49,Kristen Perkins,Software Engineering,6
87,Cassandra Patterson,Civil Engineering,2
91,Kara Bradford,Electrical Engineering,5
18,Todd Beltran,Civil Engineering,3
100,Kristie Blankenship,Software Engineering,5
81,Karen Simpson,Software Engineering,1
26,Jason Wheeler,Software Engineering,4
12,Lisa Singh,Biomedical Engineering,4
25,Kyle Henson,Mechanical Engineering,7
83,Steven Johnson,Civil Engineering,7
6,Charles Gates,Computer Science,8
7,Alexis Smith,Computer Science,2
42,Nicholas Moore,Civil Engineering,4
11,John Jackson,Computer Science,7
9,Rose Pierce,Mechanical Engineering,3
13,Christopher Evans,Software Engineering,3
20,Victoria Salas,Civil Engineering,8
9,Samantha Johnson,Software Engineering,6
31,Frank Munoz,Software Engineering,1
9,Brenda Burke,Software Engineering,1
64,Jason Andersen,Electrical Engineering,3
60,Michael Mitchell,Civil Engineering,3
87,Kara Bradford,Software Engineering,5
32,Matthew Johnson,Civil Engineering,5
2,Ashley Tanner,Software Engineering,6
53,Michelle Martinez,Software Engineering,7
78,Karen Simpson,Biomedical Engineering,7
54,Jason Wheeler,Civil Engineering,4
3,Austin Phillips,Computer Science,1
54,Steven Boyle,Computer Science,3
70,Matthew Johnson,Software Engineering,7
57,Laura Wilson,Biomedical Engineering,7
2,Christopher Roy,Civil Engineering,7
68,Laura Lopez,Computer Science,7
61,Wendy Pacheco,Civil Engineering,6
94,Cassidy Harper,Software Engineering,8
88,Michael Farley,Civil Engineering,6
21,Becky Acosta,Civil Engineering,7
100,Michelle Martinez,Computer Science,5
68,Angela Greene,Electrical Engineering,7
90,Kelly Fowler,Civil Engineering,3
27,Jason Wheeler,Computer Science,3
81,Jimmy Hernandez,Electrical Engineering,6
9,Bruce Cisneros,Civil Engineering,6
94,Bruce Cisneros,Biomedical Engineering,6
94,Emily Burton,Mechanical Engineering,4
33,Austin Phillips,Computer Science,4
85,Erin Hernandez,Software Engineering,3
10,Regina Medina,Civil Engineering,5
83,Sean Lopez,Software Engineering,7
40,Karen Schultz,Civil Engineering,7
62,Francis Kim,Software Engineering,7
42,Daniel Carter,Biomedical Engineering,4
86,Michael Farley,Biomedical Engineering,6
80,Ashley Thomas,Civil Engineering,4
53,Angela Greene,Electrical Engineering,7
17,Cassidy Harper,Software Engineering,3
96,Jennifer Krueger,Biomedical Engineering,6
53,Kelly Bernard,Biomedical Engineering,7
